Roll_no,Name,Age,Math,Physics,Chemistry,Biology,English,Interest,Course
1001,Sachin Kumar,17,60,51,37,45,57,Commerce,GENERAL
1002,Sonia Gupta,16,63,77,58,73,74,Engineering,GENERAL
1003,Vikas Gupta,16,56,62,56,72,64,Commerce,GENERALWITHCS
1004,Ritesh Kumar,16,91,86,70,68,88,Commerce,GENERAL
1005,Gaurav Gupta,17,89,100,76,94,86,Engineering,NONMEDICAL
1006,Vivek Patel,17,70,68,70,95,69,Doctor,MEDICAL
1007,Gaurav Verma,17,77,77,60,61,82,Programming,GENERALWITHCS
1008,Megha Kumar,17,74,96,97,100,87,Doctor,MEDICAL
1009,Mohit Jain,17,70,52,50,57,42,Engineering,GENERALWITHCS
1010,Yash Patel,17,75,72,78,62,79,Engineering,GENERAL
1011,Yash Kumar,16,63,66,80,85,83,Doctor,GENERAL
1012,Muskan Sinha,17,73,80,64,82,64,Commerce,GENERAL
1013,Pooja Singh,16,86,81,87,98,95,Engineering,NONMEDICAL
1014,Yash Sharma,16,72,71,66,99,62,Doctor,MEDICAL
1015,Divya Sinha,17,58,70,79,78,61,Doctor,GENERAL
1016,Simran Jain,16,82,77,68,86,77,Engineering,NONMEDICAL
1017,Tanya Mishra,16,72,69,47,63,56,Engineering,GENERALWITHCS
1018,Akash Singh,16,79,74,68,61,75,Programming,GENERALWITHCS
1019,Megha Verma,17,65,40,46,70,64,Programming,GENERALWITHCS
1020,Vivek Sharma,17,63,62,43,51,55,Programming,GENERALWITHCS
1021,Nikhil Sinha,17,94,94,93,96,80,Commerce,GENERAL
1022,Kriti Patel,16,84,93,61,61,74,Engineering,NONMEDICAL
1023,Harsh Mishra,17,82,63,64,70,60,Doctor,GENERAL
1024,Megha Gupta,17,95,69,84,98,94,Commerce,GENERAL
1025,Abhishek Singh,16,100,81,90,100,93,Programming,GENERALWITHCS
1026,Megha Singh,17,58,40,50,49,40,Doctor,GENERAL
1027,Lavanya Mishra,17,56,69,69,56,57,Commerce,GENERAL
1028,Neha Sinha,16,68,69,55,53,55,Doctor,GENERAL
1029,Komal Yadav,17,39,67,70,67,57,Doctor,GENERAL
1030,Vivek Kumar,16,66,41,65,66,53,Programming,GENERALWITHCS
1031,Akash Mishra,16,71,66,66,67,70,Commerce,GENERAL
1032,Shreya Sharma,16,61,41,48,46,54,Engineering,GENERALWITHCS
1033,Sachin Mishra,16,74,75,83,73,79,Commerce,GENERAL
1034,Kriti Sinha,17,78,56,46,55,55,Programming,GENERALWITHCS
1035,Sachin Singh,16,64,52,76,64,52,Doctor,GENERAL
1036,Deepak Kumar,17,55,75,51,41,48,Engineering,GENERALWITHCS
1037,Megha Patel,16,58,46,45,60,57,Doctor,GENERAL
1038,Manish Yadav,17,37,63,66,50,42,Doctor,GENERALWITHCS
1039,Rohit Kumar,17,94,86,78,83,73,Programming,GENERALWITHCS
1040,Vivek Sinha,17,43,36,60,57,45,Commerce,GENERALWITHCS
1041,Priya Verma,16,48,65,73,53,53,Commerce,GENERALWITHCS
1042,Vikas Jain,16,78,94,97,83,89,Doctor,GENERAL
1043,Payal Gupta,16,55,51,52,75,66,Programming,GENERALWITHCS
1044,Simran Verma,17,49,52,69,49,54,Doctor,GENERAL
1045,Sonia Sinha,16,74,59,58,80,70,Doctor,GENERAL
1046,Vivek Patel,17,54,50,70,72,69,Commerce,GENERAL
1047,Kajal Yadav,16,45,50,53,58,46,Programming,GENERALWITHCS
1048,Sneha Singh,17,85,91,79,94,91,Programming,GENERALWITHCS
1049,Riya Kumar,17,57,76,59,74,61,Doctor,GENERALWITHCS
1050,Simran Yadav,16,64,77,62,70,79,Engineering,GENERAL
1051,Sonia Sharma,16,44,56,53,36,52,Engineering,GENERALWITHCS
1052,Nikhil Singh,16,100,100,94,87,90,Commerce,GENERAL
1053,Nitin Kumar,17,75,72,97,97,92,Commerce,GENERAL
1054,Muskan Sinha,16,87,88,88,87,69,Programming,GENERALWITHCS
1055,Aman Sharma,16,48,62,50,53,42,Commerce,GENERAL
1056,Vivek Gupta,17,97,67,82,88,80,Engineering,GENERAL
1057,Payal Singh,17,69,57,41,57,45,Engineering,GENERALWITHCS
1058,Nitin Patel,16,82,97,80,100,98,Doctor,MEDICAL
1059,Priya Mishra,16,94,93,83,100,94,Doctor,MEDICAL
1060,Akash Sharma,17,85,100,79,94,93,Engineering,NONMEDICAL
1061,Yash Jain,17,65,54,46,61,44,Doctor,GENERALWITHCS
1062,Divya Singh,17,65,83,84,83,71,Programming,GENERALWITHCS
1063,Ankit Kumar,17,62,64,58,54,58,Programming,GENERALWITHCS
1064,Tanya Gupta,17,84,61,66,61,86,Programming,GENERALWITHCS
1065,Ishita Kumar,17,53,76,69,63,65,Doctor,GENERAL
1066,Harsh Sharma,17,56,57,61,52,41,Engineering,GENERALWITHCS
1067,Sneha Verma,16,90,100,100,76,84,Engineering,NONMEDICAL
1068,Sonia Yadav,16,95,57,82,81,88,Programming,GENERALWITHCS
1069,Shreya Gupta,16,79,87,80,60,81,Engineering,GENERAL
1070,Sneha Sinha,16,75,76,65,64,81,Engineering,GENERAL
1071,Kriti Verma,17,58,60,75,60,62,Commerce,GENERAL
1072,Sonia Jain,16,75,65,70,66,73,Doctor,GENERAL
1073,Ankit Kumar,17,57,61,58,75,73,Commerce,GENERAL
1074,Aman Patel,17,69,75,78,88,69,Doctor,MEDICAL
1075,Gaurav Yadav,16,83,88,90,90,74,Commerce,GENERAL
1076,Ankit Verma,16,85,84,100,90,76,Doctor,MEDICAL
1077,Muskan Jain,17,96,96,84,81,76,Engineering,NONMEDICAL
1078,Kriti Singh,16,96,72,93,89,88,Engineering,GENERAL
1079,Shreya Sharma,16,68,73,45,64,65,Programming,GENERALWITHCS
1080,Deepak Sinha,17,40,39,46,53,60,Commerce,GENERAL
1081,Manish Verma,16,44,47,39,44,50,Programming,GENERALWITHCS
1082,Kriti Jain,16,61,44,56,59,45,Doctor,GENERAL
1083,Nitin Patel,16,90,100,83,79,92,Engineering,NONMEDICAL
1084,Ritesh Yadav,17,83,83,64,50,59,Engineering,NONMEDICAL
1085,Ishita Gupta,16,70,74,60,64,70,Doctor,GENERAL
1086,Nitin Patel,16,74,51,40,45,49,Programming,GENERALWITHCS
1087,Sneha Sharma,16,100,85,100,88,82,Doctor,MEDICAL
1088,Harsh Kumar,17,100,91,98,83,87,Engineering,NONMEDICAL
1089,Neha Sharma,16,73,93,80,55,74,Engineering,GENERAL
1090,Abhishek Verma,17,98,91,86,92,94,Engineering,NONMEDICAL
1091,Tanya Jain,16,70,65,69,57,51,Commerce,GENERALWITHCS
1092,Rohit Jain,16,50,39,56,35,61,Programming,GENERALWITHCS
1093,Aditi Yadav,16,100,99,100,83,89,Engineering,NONMEDICAL
1094,Priya Sharma,16,100,100,100,99,92,Engineering,NONMEDICAL
1095,Nitin Kumar,17,83,81,73,53,73,Engineering,NONMEDICAL
1096,Sachin Jain,17,77,84,74,80,83,Programming,GENERALWITHCS
1097,Priya Sharma,17,55,63,78,53,57,Commerce,GENERALWITHCS
1098,Lavanya Singh,16,94,87,66,68,70,Engineering,NONMEDICAL
1099,Lavanya Gupta,16,65,56,66,56,71,Programming,GENERALWITHCS
1100,Deepak Gupta,17,60,59,54,73,68,Engineering,GENERAL
1101,Kajal Verma,16,64,69,51,72,63,Doctor,GENERAL
1102,Akash Gupta,17,67,41,39,35,46,Programming,GENERALWITHCS
1103,Komal Gupta,16,55,60,57,74,46,Doctor,GENERAL
1104,Rohit Yadav,17,59,49,62,66,68,Engineering,GENERALWITHCS
1105,Ritesh Yadav,16,40,35,59,49,56,Commerce,GENERALWITHCS
1106,Priya Patel,16,95,76,92,89,84,Programming,GENERALWITHCS
1107,Aditi Patel,17,86,57,65,79,79,Commerce,GENERAL
1108,Abhishek Patel,17,81,64,65,76,70,Engineering,GENERAL
1109,Muskan Kumar,17,54,60,63,46,54,Engineering,GENERAL
1110,Sneha Sinha,16,57,73,74,84,71,Commerce,GENERAL
1111,Sonia Kumar,16,56,45,79,56,48,Doctor,GENERAL
1112,Ishita Kumar,16,80,61,79,89,87,Programming,GENERALWITHCS
1113,Lavanya Kumar,16,96,75,95,84,79,Commerce,GENERAL
1114,Gaurav Gupta,16,68,75,80,77,72,Doctor,GENERAL
1115,Rohit Sinha,16,53,62,69,64,72,Commerce,GENERALWITHCS
1116,Ritesh Verma,16,83,86,91,94,82,Doctor,MEDICAL
1117,Lavanya Jain,17,100,100,83,95,79,Engineering,NONMEDICAL
1118,Neha Singh,16,55,78,70,87,74,Doctor,MEDICAL
1119,Rohit Kumar,16,86,73,66,52,61,Programming,GENERALWITHCS
1120,Karan Sharma,16,100,77,80,78,100,Programming,GENERALWITHCS
1121,Arjun Gupta,16,100,77,74,79,100,Programming,GENERALWITHCS
1122,Divya Kumar,17,66,78,76,90,81,Doctor,MEDICAL
1123,Tanya Sharma,16,71,76,48,61,55,Engineering,GENERALWITHCS
1124,Vikas Sinha,16,83,80,67,70,74,Commerce,GENERAL
1125,Komal Singh,17,100,82,93,95,91,Programming,GENERALWITHCS
1126,Tanya Mishra,16,49,42,47,66,41,Doctor,GENERALWITHCS
1127,Komal Yadav,16,48,53,63,64,62,Commerce,GENERALWITHCS
1128,Sonia Yadav,16,68,78,45,44,50,Engineering,GENERALWITHCS
1129,Ishita Singh,17,74,65,84,73,67,Doctor,GENERAL
1130,Arjun Kumar,16,73,49,59,48,60,Programming,GENERALWITHCS
1131,Aditi Patel,17,64,59,50,61,55,Programming,GENERALWITHCS
1132,Payal Jain,16,42,43,47,35,47,Engineering,GENERAL
1133,Sneha Singh,16,100,78,76,85,83,Commerce,GENERAL
1134,Payal Mishra,17,61,50,43,50,73,Programming,GENERALWITHCS
1135,Akash Sinha,16,80,86,76,74,82,Doctor,GENERAL
1136,Nikhil Singh,17,40,51,60,55,45,Engineering,GENERALWITHCS
1137,Payal Verma,17,45,71,59,43,53,Commerce,GENERALWITHCS
1138,Kriti Gupta,16,56,78,62,60,74,Commerce,GENERAL
1139,Manish Sinha,17,85,63,97,74,81,Doctor,GENERAL
1140,Simran Patel,16,44,41,40,43,48,Commerce,GENERAL
1141,Abhishek Kumar,16,65,64,58,39,45,Engineering,GENERALWITHCS
1142,Harsh Sinha,16,100,87,78,82,88,Programming,GENERALWITHCS
1143,Rohit Sharma,16,95,79,85,73,87,Programming,GENERALWITHCS
1144,Simran Verma,17,46,57,62,83,60,Doctor,GENERALWITHCS
1145,Mohit Sinha,17,100,69,94,82,80,Programming,GENERALWITHCS
1146,Neha Yadav,17,82,70,86,91,71,Commerce,GENERAL
1147,Gaurav Verma,16,69,72,95,95,69,Doctor,MEDICAL
1148,Nitin Singh,17,71,56,59,52,62,Commerce,GENERALWITHCS
1149,Gaurav Kumar,17,86,89,79,77,100,Programming,GENERALWITHCS
1150,Shreya Singh,17,84,67,86,97,62,Doctor,MEDICAL
1151,Tanya Gupta,17,88,81,76,92,89,Engineering,NONMEDICAL
1152,Karan Sinha,16,66,54,85,94,69,Doctor,MEDICAL
1153,Arjun Jain,17,64,53,50,56,65,Commerce,GENERAL
1154,Sonia Gupta,17,100,100,100,90,84,Doctor,MEDICAL
1155,Mohit Sinha,17,87,71,58,80,58,Engineering,GENERAL
1156,Neha Gupta,17,73,56,62,48,57,Engineering,GENERAL
1157,Neha Verma,16,67,59,71,86,83,Programming,GENERALWITHCS
1158,Yash Jain,16,100,94,68,91,80,Engineering,NONMEDICAL
1159,Komal Patel,16,99,99,95,91,94,Commerce,GENERAL
1160,Nikhil Kumar,16,58,70,81,64,68,Doctor,GENERAL
1161,Arjun Verma,17,50,58,52,65,41,Doctor,GENERAL
1162,Manish Jain,16,83,79,86,89,75,Engineering,NONMEDICAL
1163,Neha Mishra,17,90,91,83,100,91,Doctor,MEDICAL
1164,Ritesh Jain,16,62,57,65,70,56,Programming,GENERALWITHCS
1165,Sneha Verma,17,35,35,54,80,51,Doctor,GENERALWITHCS
1166,Neha Gupta,17,70,88,93,75,82,Commerce,GENERAL
1167,Simran Kumar,16,71,59,54,40,61,Programming,GENERALWITHCS
1168,Nikhil Kumar,17,70,65,80,73,81,Commerce,GENERAL
1169,Karan Jain,17,62,66,56,65,64,Programming,GENERALWITHCS
1170,Riya Jain,16,69,54,67,56,67,Programming,GENERALWITHCS
1171,Muskan Mishra,16,57,82,62,80,70,Commerce,GENERAL
1172,Sneha Singh,17,58,64,49,58,68,Programming,GENERALWITHCS
1173,Rahul Gupta,16,65,49,64,50,58,Commerce,GENERAL
1174,Ayush Yadav,16,86,87,60,74,79,Engineering,NONMEDICAL
1175,Shreya Verma,16,59,45,70,87,62,Doctor,MEDICAL
1176,Shreya Singh,17,53,53,60,54,58,Doctor,GENERALWITHCS
1177,Kriti Jain,16,35,56,47,59,53,Doctor,GENERALWITHCS
1178,Tanya Patel,17,79,78,93,84,100,Programming,GENERALWITHCS
1179,Lavanya Sharma,17,56,51,51,60,48,Programming,GENERALWITHCS
1180,Ritesh Kumar,17,96,90,87,96,93,Engineering,NONMEDICAL
1181,Yash Patel,17,66,91,83,89,81,Doctor,MEDICAL
1182,Megha Sinha,17,67,72,67,77,63,Programming,GENERALWITHCS
1183,Sachin Verma,16,72,95,71,82,92,Commerce,GENERAL
1184,Kajal Sinha,16,36,37,45,79,56,Doctor,GENERALWITHCS
1185,Lavanya Kumar,16,98,100,92,96,82,Engineering,NONMEDICAL
1186,Riya Sharma,17,79,82,98,97,86,Programming,GENERALWITHCS
1187,Deepak Verma,16,50,63,78,78,73,Doctor,GENERAL
1188,Gaurav Sinha,16,79,78,85,68,77,Programming,GENERALWITHCS
1189,Manish Mishra,16,73,59,63,87,76,Doctor,MEDICAL
1190,Rahul Patel,16,81,100,99,74,83,Engineering,NONMEDICAL
1191,Akash Sharma,17,59,68,68,50,51,Commerce,GENERALWITHCS
1192,Pooja Singh,17,90,89,96,100,88,Commerce,GENERAL
1193,Sneha Sharma,16,100,100,90,73,88,Engineering,NONMEDICAL
1194,Mohit Kumar,17,61,80,68,73,69,Commerce,GENERAL
1195,Akash Kumar,16,58,67,57,42,67,Programming,GENERALWITHCS
1196,Manish Jain,17,85,75,74,67,98,Programming,GENERALWITHCS
1197,Mohit Sharma,16,67,62,77,56,66,Commerce,GENERALWITHCS
1198,Manish Mishra,16,80,48,58,56,64,Programming,GENERALWITHCS
1199,Komal Sharma,17,81,74,93,91,92,Programming,GENERALWITHCS
1200,Vivek Singh,17,75,66,65,71,60,Programming,GENERALWITHCS
1201,Sneha Patel,17,64,70,46,71,63,Commerce,GENERALWITHCS
1202,Vivek Singh,17,68,62,60,72,61,Programming,GENERALWITHCS
1203,Akash Sinha,16,54,61,67,64,56,Engineering,GENERALWITHCS
1204,Kajal Sinha,16,84,94,64,72,86,Engineering,NONMEDICAL
1205,Pooja Yadav,16,82,63,76,81,74,Doctor,GENERAL
1206,Komal Mishra,16,74,57,77,61,70,Engineering,GENERALWITHCS
1207,Rohit Yadav,16,65,54,55,55,84,Programming,GENERALWITHCS
1208,Divya Jain,16,90,99,73,92,81,Programming,GENERALWITHCS
1209,Gaurav Gupta,16,97,84,77,86,85,Programming,GENERALWITHCS
1210,Nikhil Kumar,16,57,80,69,80,61,Programming,GENERALWITHCS
1211,Sonia Jain,16,88,64,80,56,64,Engineering,GENERAL
1212,Ayush Singh,17,58,49,67,71,63,Doctor,GENERAL
1213,Pooja Sharma,17,67,43,47,71,54,Commerce,GENERAL
1214,Lavanya Yadav,16,70,65,48,62,46,Programming,GENERALWITHCS
1215,Megha Yadav,16,81,74,90,87,76,Doctor,MEDICAL
1216,Shreya Kumar,17,68,60,54,51,58,Programming,GENERALWITHCS
1217,Yash Yadav,16,53,63,64,51,44,Engineering,GENERAL
1218,Simran Sinha,17,53,61,43,48,58,Programming,GENERALWITHCS
1219,Kriti Singh,17,56,71,63,49,49,Engineering,GENERALWITHCS
1220,Sonia Yadav,16,72,68,80,90,69,Doctor,MEDICAL
1221,Aditi Mishra,16,65,79,48,63,51,Engineering,GENERAL
1222,Ankit Mishra,17,54,45,60,62,72,Programming,GENERALWITHCS
1223,Ishita Gupta,16,89,99,86,92,69,Engineering,NONMEDICAL
1224,Megha Verma,17,93,87,71,60,69,Engineering,NONMEDICAL
1225,Gaurav Yadav,16,84,84,80,53,69,Engineering,NONMEDICAL
1226,Payal Singh,16,71,71,75,88,60,Doctor,MEDICAL
1227,Yash Singh,17,47,56,52,46,40,Doctor,GENERAL
1228,Lavanya Kumar,16,69,80,76,46,51,Engineering,GENERALWITHCS
1229,Aman Mishra,17,88,77,88,100,82,Doctor,MEDICAL
1230,Aditi Singh,17,86,70,70,79,70,Doctor,GENERAL
1231,Vivek Mishra,16,66,57,53,62,64,Programming,GENERALWITHCS
1232,Aman Patel,17,84,69,80,98,74,Commerce,GENERAL
1233,Tanya Yadav,17,84,77,77,69,66,Engineering,NONMEDICAL
1234,Sneha Yadav,16,63,79,65,73,81,Programming,GENERALWITHCS
1235,Neha Sinha,16,70,84,78,57,69,Engineering,GENERAL
1236,Kajal Jain,16,43,59,52,51,52,Programming,GENERALWITHCS
1237,Vivek Sharma,16,72,82,70,93,69,Engineering,GENERAL
1238,Ishita Yadav,16,100,100,97,84,81,Engineering,NONMEDICAL
1239,Komal Sinha,16,66,90,78,100,80,Doctor,MEDICAL
1240,Aditi Gupta,16,74,62,67,70,71,Commerce,GENERAL
1241,Nikhil Patel,16,67,81,80,77,77,Doctor,GENERAL
1242,Ishita Sharma,16,58,59,62,68,59,Doctor,GENERAL
1243,Kriti Yadav,17,76,54,61,59,53,Doctor,GENERALWITHCS
1244,Ayush Sharma,17,81,76,55,68,69,Programming,GENERALWITHCS
1245,Megha Yadav,16,88,96,77,95,90,Commerce,GENERAL
1246,Neha Jain,17,100,100,97,79,95,Programming,GENERALWITHCS
1247,Ritesh Sinha,16,70,79,97,100,79,Doctor,MEDICAL
1248,Manish Jain,17,75,74,64,68,74,Engineering,GENERAL
1249,Sachin Sharma,17,54,66,67,88,58,Doctor,MEDICAL
1250,Komal Gupta,16,70,77,70,77,66,Programming,GENERALWITHCS
1251,Muskan Sharma,16,100,94,75,95,88,Engineering,NONMEDICAL
1252,Lavanya Patel,17,53,71,77,71,71,Doctor,GENERAL
1253,Payal Gupta,16,74,82,85,100,85,Doctor,MEDICAL
1254,Ritesh Jain,17,97,87,84,100,90,Doctor,MEDICAL
1255,Tanya Yadav,17,74,54,52,69,71,Programming,GENERALWITHCS
1256,Sonia Patel,16,68,78,93,78,80,Doctor,GENERAL
1257,Gaurav Mishra,16,90,93,74,100,88,Doctor,MEDICAL
1258,Ishita Sinha,16,88,58,73,55,63,Programming,GENERALWITHCS
1259,Nitin Sinha,17,85,68,82,70,85,Programming,GENERALWITHCS
1260,Arjun Sinha,16,53,75,50,49,53,Engineering,GENERAL
1261,Rahul Mishra,17,71,59,50,46,58,Engineering,GENERAL
1262,Abhishek Gupta,17,35,38,59,43,54,Commerce,GENERAL
1263,Ayush Sharma,16,47,66,50,59,42,Engineering,GENERALWITHCS
1264,Ishita Patel,17,98,63,68,82,83,Programming,GENERALWITHCS
1265,Ishita Patel,17,54,55,50,56,62,Engineering,GENERALWITHCS
1266,Kajal Sinha,17,97,82,74,76,89,Engineering,NONMEDICAL
1267,Muskan Yadav,16,68,70,69,84,65,Doctor,GENERAL
1268,Megha Kumar,16,41,43,52,61,44,Commerce,GENERALWITHCS
1269,Divya Gupta,16,66,55,62,74,66,Doctor,GENERALWITHCS
1270,Sonia Gupta,16,88,100,95,81,100,Programming,GENERALWITHCS
1271,Tanya Sinha,16,68,66,93,100,70,Doctor,MEDICAL
1272,Vivek Verma,17,99,86,84,75,92,Engineering,NONMEDICAL
1273,Nikhil Yadav,16,38,53,65,47,57,Commerce,GENERALWITHCS
1274,Harsh Singh,17,62,85,70,60,62,Engineering,GENERALWITHCS
1275,Karan Verma,16,100,100,95,84,91,Engineering,NONMEDICAL
1276,Divya Gupta,17,73,75,85,90,83,Doctor,MEDICAL
1277,Rohit Patel,16,63,81,66,61,74,Commerce,GENERAL
1278,Rohit Sinha,17,59,67,48,59,61,Commerce,GENERALWITHCS
1279,Muskan Mishra,17,67,61,61,57,59,Programming,GENERALWITHCS
1280,Komal Mishra,16,85,74,98,83,91,Programming,GENERALWITHCS
1281,Ankit Patel,17,100,76,77,85,81,Programming,GENERALWITHCS
1282,Ayush Yadav,17,95,79,96,100,94,Doctor,MEDICAL
1283,Harsh Sharma,17,72,65,47,57,53,Engineering,GENERAL
1284,Abhishek Yadav,17,94,86,74,91,90,Engineering,NONMEDICAL
1285,Kriti Gupta,16,62,87,83,79,72,Doctor,GENERAL
1286,Komal Mishra,16,54,50,66,85,47,Doctor,GENERALWITHCS
1287,Kajal Gupta,16,41,45,36,35,40,Commerce,GENERALWITHCS
1288,Ishita Gupta,16,88,61,63,68,77,Commerce,GENERAL
1289,Divya Mishra,17,73,76,65,79,85,Engineering,GENERAL
1290,Gaurav Verma,16,72,63,82,74,72,Commerce,GENERAL
1291,Rahul Yadav,16,89,99,93,90,83,Commerce,GENERAL
1292,Kriti Singh,16,55,43,57,35,45,Commerce,GENERALWITHCS
1293,Riya Sinha,16,87,78,59,61,59,Engineering,NONMEDICAL
1294,Sachin Gupta,17,84,85,61,60,59,Engineering,NONMEDICAL
1295,Gaurav Patel,16,79,76,84,66,78,Programming,GENERALWITHCS
1296,Nikhil Kumar,16,57,56,88,80,75,Doctor,GENERAL
1297,Tanya Sharma,16,87,66,71,64,75,Programming,GENERALWITHCS
1298,Ritesh Yadav,16,100,98,84,100,82,Doctor,MEDICAL
1299,Rahul Jain,17,62,77,70,76,79,Commerce,GENERAL
1300,Muskan Sinha,16,96,70,93,93,80,Programming,GENERALWITHCS
1301,Ishita Mishra,17,93,80,64,69,82,Programming,GENERALWITHCS
1302,Aman Gupta,16,80,60,62,79,81,Commerce,GENERAL
1303,Tanya Sinha,17,63,59,62,64,53,Doctor,GENERAL
1304,Shreya Singh,16,77,49,52,62,62,Programming,GENERALWITHCS
1305,Shreya Jain,16,77,97,94,100,97,Doctor,MEDICAL
1306,Ritesh Singh,17,94,91,84,88,70,Engineering,NONMEDICAL
1307,Neha Jain,17,60,57,69,57,51,Doctor,GENERALWITHCS
1308,Kriti Sharma,17,99,100,80,88,88,Engineering,NONMEDICAL
1309,Muskan Singh,16,57,63,75,78,67,Commerce,GENERAL
1310,Deepak Singh,16,93,74,94,95,69,Doctor,MEDICAL
1311,Neha Yadav,17,46,66,66,58,53,Programming,GENERALWITHCS
1312,Harsh Jain,16,86,70,92,67,89,Programming,GENERALWITHCS
1313,Deepak Kumar,16,75,69,69,60,57,Commerce,GENERALWITHCS
1314,Vivek Verma,17,60,72,67,66,57,Engineering,GENERAL
1315,Lavanya Mishra,17,74,67,54,52,54,Programming,GENERALWITHCS
1316,Tanya Yadav,16,56,57,49,57,48,Doctor,GENERALWITHCS
1317,Gaurav Jain,17,57,60,68,65,67,Programming,GENERALWITHCS
1318,Kriti Jain,16,76,80,84,80,79,Commerce,GENERAL
1319,Sonia Verma,17,81,93,67,85,69,Commerce,GENERAL
1320,Shreya Singh,16,95,90,73,81,92,Programming,GENERALWITHCS
1321,Pooja Singh,17,81,62,67,78,80,Programming,GENERALWITHCS
1322,Shreya Patel,17,85,71,79,76,71,Engineering,GENERAL
1323,Kriti Gupta,17,54,83,70,64,62,Engineering,GENERALWITHCS
1324,Gaurav Verma,16,48,62,48,47,62,Commerce,GENERALWITHCS
1325,Priya Gupta,16,67,60,63,60,67,Commerce,GENERAL
1326,Nitin Yadav,16,72,54,70,51,71,Engineering,GENERAL
1327,Simran Sharma,17,77,95,90,99,76,Doctor,MEDICAL
1328,Sneha Kumar,16,85,100,70,66,77,Engineering,NONMEDICAL
1329,Rahul Yadav,16,88,87,50,70,70,Engineering,NONMEDICAL
1330,Megha Kumar,16,45,52,51,42,56,Programming,GENERALWITHCS
1331,Divya Sharma,16,95,76,67,79,93,Programming,GENERALWITHCS
1332,Ankit Sharma,16,98,99,65,74,79,Engineering,NONMEDICAL
1333,Vivek Mishra,16,86,78,75,91,92,Commerce,GENERAL
1334,Deepak Jain,16,81,73,66,71,72,Programming,GENERALWITHCS
1335,Tanya Sinha,17,54,60,35,50,46,Engineering,GENERAL
1336,Kajal Singh,16,38,54,53,43,59,Commerce,GENERAL
1337,Deepak Mishra,17,68,64,68,70,51,Commerce,GENERAL
1338,Abhishek Gupta,17,78,81,90,72,81,Programming,GENERALWITHCS
1339,Sachin Sharma,16,35,55,50,59,47,Commerce,GENERALWITHCS
1340,Sneha Gupta,17,84,75,81,89,66,Doctor,MEDICAL
1341,Aman Verma,17,67,71,76,65,77,Engineering,GENERAL
1342,Nitin Gupta,16,77,71,55,85,61,Doctor,GENERAL
1343,Megha Sharma,17,61,55,66,64,72,Programming,GENERALWITHCS
1344,Komal Sharma,16,60,77,77,80,77,Programming,GENERALWITHCS
1345,Karan Verma,16,74,39,43,68,59,Programming,GENERALWITHCS
1346,Abhishek Singh,16,57,68,68,88,72,Doctor,MEDICAL
1347,Komal Gupta,16,81,75,78,90,100,Programming,GENERALWITHCS
1348,Muskan Singh,16,59,91,53,53,70,Engineering,GENERALWITHCS
1349,Rahul Kumar,16,59,62,56,55,47,Commerce,GENERALWITHCS
1350,Nitin Singh,17,71,46,52,66,58,Programming,GENERALWITHCS
1351,Aditi Singh,16,55,63,50,63,49,Engineering,GENERALWITHCS
1352,Rohit Jain,17,87,100,100,100,87,Doctor,MEDICAL
1353,Sachin Sinha,17,51,63,54,77,57,Doctor,GENERAL
1354,Mohit Sinha,17,61,80,60,75,62,Commerce,GENERAL
1355,Lavanya Sharma,16,75,86,93,97,87,Doctor,MEDICAL
1356,Divya Mishra,16,98,86,96,97,94,Doctor,MEDICAL
1357,Kriti Patel,17,71,63,74,76,70,Commerce,GENERAL
1358,Priya Sinha,16,66,75,72,61,68,Programming,GENERALWITHCS
1359,Akash Mishra,16,70,58,50,45,61,Programming,GENERALWITHCS
1360,Arjun Yadav,16,65,60,53,44,64,Commerce,GENERAL
1361,Sachin Patel,17,70,70,61,79,72,Programming,GENERALWITHCS
1362,Tanya Yadav,17,43,47,54,64,43,Doctor,GENERAL
1363,Payal Kumar,16,68,69,74,60,77,Commerce,GENERAL
1364,Tanya Sinha,17,54,63,52,46,71,Programming,GENERALWITHCS
1365,Komal Kumar,17,76,57,55,54,60,Commerce,GENERALWITHCS
1366,Ankit Sinha,17,55,55,72,67,58,Programming,GENERALWITHCS
1367,Ayush Patel,17,71,69,68,67,61,Engineering,GENERALWITHCS
1368,Komal Kumar,16,100,86,77,96,94,Programming,GENERALWITHCS
1369,Priya Singh,17,76,78,96,99,88,Doctor,MEDICAL
1370,Komal Mishra,17,100,87,87,89,89,Programming,GENERALWITHCS
1371,Kajal Jain,16,51,37,56,52,47,Doctor,GENERALWITHCS
1372,Shreya Yadav,17,43,44,64,39,62,Programming,GENERALWITHCS
1373,Nitin Singh,16,59,54,39,55,48,Commerce,GENERALWITHCS
1374,Sneha Sinha,17,57,64,39,65,67,Programming,GENERALWITHCS
1375,Megha Gupta,16,83,89,72,66,79,Engineering,NONMEDICAL
1376,Ishita Sinha,17,77,57,74,79,68,Doctor,GENERAL
1377,Vivek Verma,17,54,62,53,44,52,Engineering,GENERAL
1378,Tanya Yadav,16,92,96,80,100,90,Doctor,MEDICAL
1379,Ritesh Mishra,17,83,72,53,50,55,Engineering,GENERALWITHCS
1380,Kajal Jain,16,42,46,60,53,44,Programming,GENERALWITHCS
1381,Priya Mishra,17,100,100,70,80,77,Engineering,NONMEDICAL
1382,Yash Gupta,16,89,97,78,89,83,Engineering,NONMEDICAL
1383,Sneha Patel,16,68,74,60,67,64,Commerce,GENERAL
1384,Sneha Kumar,16,77,95,65,85,81,Engineering,GENERAL
1385,Pooja Verma,17,47,73,71,78,55,Doctor,GENERALWITHCS
1386,Manish Kumar,17,93,77,70,78,73,Engineering,NONMEDICAL
1387,Megha Patel,16,68,86,81,58,77,Engineering,GENERAL
1388,Priya Verma,17,89,90,97,78,72,Doctor,GENERAL
1389,Ishita Mishra,16,82,93,88,84,72,Engineering,NONMEDICAL
1390,Rohit Mishra,16,62,82,56,73,69,Programming,GENERALWITHCS
1391,Megha Yadav,17,74,62,66,63,65,Doctor,GENERAL
1392,Shreya Singh,16,60,60,60,75,82,Commerce,GENERAL
1393,Ritesh Kumar,17,54,63,75,73,62,Commerce,GENERALWITHCS
1394,Arjun Singh,17,100,100,86,80,80,Engineering,NONMEDICAL
1395,Neha Gupta,16,72,71,50,57,66,Engineering,GENERAL
1396,Sonia Verma,17,72,65,54,52,66,Programming,GENERALWITHCS
1397,Kriti Singh,16,56,66,58,55,56,Engineering,GENERAL
1398,Arjun Kumar,17,74,76,73,60,73,Programming,GENERALWITHCS
1399,Komal Gupta,16,90,100,63,88,74,Engineering,NONMEDICAL
1400,Megha Singh,16,91,100,83,84,81,Engineering,NONMEDICAL
1401,Riya Sharma,17,87,69,57,58,75,Programming,GENERALWITHCS
1402,Sonia Kumar,16,49,44,67,45,55,Programming,GENERALWITHCS
1403,Akash Sharma,17,80,53,81,79,76,Doctor,GENERAL
1404,Sneha Yadav,17,100,100,80,100,95,Engineering,NONMEDICAL
1405,Karan Verma,17,91,84,84,80,87,Programming,GENERALWITHCS
1406,Manish Sinha,17,84,87,97,87,75,Commerce,GENERAL
1407,Priya Verma,16,95,99,74,95,87,Engineering,NONMEDICAL
1408,Sneha Patel,17,100,100,83,99,92,Programming,GENERALWITHCS
1409,Nikhil Yadav,17,50,45,49,35,45,Programming,GENERALWITHCS
1410,Ritesh Mishra,17,68,57,56,77,68,Doctor,GENERALWITHCS
1411,Megha Singh,17,77,87,75,83,70,Engineering,GENERAL
1412,Rohit Patel,16,81,55,71,69,63,Doctor,GENERALWITHCS
1413,Nitin Yadav,16,57,56,40,40,53,Programming,GENERALWITHCS
1414,Divya Mishra,17,76,90,96,100,94,Commerce,GENERAL
1415,Manish Kumar,17,50,53,44,48,47,Commerce,GENERALWITHCS
1416,Tanya Verma,17,83,100,93,88,100,Programming,GENERALWITHCS
1417,Aman Sharma,16,67,82,74,86,67,Commerce,GENERAL
1418,Mohit Jain,16,70,60,90,89,76,Programming,GENERALWITHCS
1419,Komal Mishra,16,71,59,61,49,70,Programming,GENERALWITHCS
1420,Vivek Sharma,17,76,58,91,100,81,Doctor,MEDICAL
1421,Tanya Verma,17,91,99,67,91,88,Engineering,NONMEDICAL
1422,Harsh Sinha,16,82,93,72,92,69,Engineering,NONMEDICAL
1423,Manish Yadav,16,77,85,70,89,79,Engineering,GENERAL
1424,Deepak Yadav,17,68,63,75,100,84,Doctor,MEDICAL
1425,Arjun Yadav,16,85,94,81,91,82,Engineering,NONMEDICAL
1426,Kajal Yadav,17,75,68,54,64,67,Doctor,GENERALWITHCS
1427,Abhishek Mishra,17,87,62,73,62,53,Engineering,GENERALWITHCS
1428,Vikas Verma,16,93,92,73,94,87,Commerce,GENERAL
1429,Kajal Yadav,17,62,78,65,89,60,Doctor,MEDICAL
1430,Yash Kumar,16,63,47,42,67,40,Doctor,GENERALWITHCS
1431,Kajal Gupta,17,100,100,99,77,89,Programming,GENERALWITHCS
1432,Kriti Sinha,16,63,58,61,52,52,Programming,GENERALWITHCS
1433,Manish Mishra,17,87,94,84,76,92,Commerce,GENERAL
1434,Simran Gupta,17,96,100,98,75,89,Engineering,NONMEDICAL
1435,Priya Singh,17,92,88,63,73,72,Engineering,NONMEDICAL
1436,Ayush Mishra,16,72,84,66,68,84,Engineering,GENERAL
1437,Payal Mishra,16,57,77,68,61,65,Engineering,GENERAL
1438,Aman Sinha,17,64,54,46,74,41,Doctor,GENERALWITHCS
1439,Manish Sinha,17,73,53,63,50,48,Engineering,GENERAL
1440,Akash Mishra,16,100,95,98,100,84,Doctor,MEDICAL
1441,Vikas Patel,16,56,73,70,58,47,Engineering,GENERAL
1442,Deepak Gupta,17,60,54,54,50,40,Commerce,GENERAL
1443,Abhishek Gupta,17,100,100,91,88,84,Engineering,NONMEDICAL
1444,Arjun Mishra,17,62,50,72,54,67,Programming,GENERALWITHCS
1445,Divya Singh,17,56,73,67,54,59,Engineering,GENERALWITHCS
1446,Akash Kumar,16,62,58,55,75,59,Doctor,GENERAL
1447,Aditi Sinha,17,65,79,82,80,75,Programming,GENERALWITHCS
1448,Rahul Singh,16,76,64,64,90,71,Commerce,GENERAL
1449,Divya Sharma,16,100,66,91,74,84,Programming,GENERALWITHCS
1450,Nitin Gupta,16,71,88,55,55,75,Engineering,GENERAL
1451,Ayush Jain,17,95,89,67,93,91,Programming,GENERALWITHCS
1452,Kriti Jain,17,66,52,56,49,44,Commerce,GENERAL
1453,Nikhil Sharma,17,64,67,67,64,50,Commerce,GENERAL
1454,Neha Gupta,16,60,45,63,62,45,Engineering,GENERALWITHCS
1455,Deepak Sharma,16,84,90,68,94,68,Doctor,MEDICAL
1456,Payal Kumar,17,96,97,54,56,59,Engineering,NONMEDICAL
1457,Ankit Sinha,16,89,91,81,86,89,Commerce,GENERAL
1458,Rahul Sinha,16,100,96,76,68,70,Engineering,NONMEDICAL
1459,Muskan Singh,16,73,55,58,84,64,Doctor,GENERALWITHCS
1460,Aditi Verma,17,58,58,57,49,52,Programming,GENERALWITHCS
1461,Priya Sharma,16,74,84,80,82,86,Commerce,GENERAL
1462,Lavanya Mishra,16,70,35,61,36,48,Programming,GENERALWITHCS
1463,Muskan Sharma,16,62,56,70,52,61,Commerce,GENERALWITHCS
1464,Abhishek Sharma,17,54,45,78,75,65,Doctor,GENERALWITHCS
1465,Kriti Sharma,17,58,68,85,70,66,Doctor,GENERAL
1466,Megha Singh,16,76,76,60,61,57,Engineering,GENERALWITHCS
1467,Arjun Gupta,16,71,94,93,77,85,Commerce,GENERAL
1468,Ankit Gupta,16,59,52,43,52,40,Engineering,GENERALWITHCS
1469,Lavanya Kumar,17,62,53,75,45,59,Programming,GENERALWITHCS
1470,Deepak Mishra,16,70,90,80,77,75,Commerce,GENERAL
1471,Priya Singh,16,53,64,37,57,54,Engineering,GENERALWITHCS
1472,Ayush Kumar,16,74,89,77,60,74,Engineering,GENERAL
1473,Megha Yadav,16,62,81,50,69,60,Engineering,GENERALWITHCS
1474,Lavanya Sharma,16,49,75,56,56,58,Engineering,GENERALWITHCS
1475,Riya Sharma,16,45,41,59,52,56,Doctor,GENERAL
1476,Priya Verma,16,74,75,49,49,60,Engineering,GENERALWITHCS
1477,Deepak Yadav,17,84,100,79,100,82,Engineering,NONMEDICAL
1478,Aman Gupta,16,89,65,61,74,82,Programming,GENERALWITHCS
1479,Rahul Sharma,16,60,62,53,68,72,Commerce,GENERALWITHCS
1480,Vikas Singh,17,63,73,64,76,81,Commerce,GENERAL
1481,Riya Gupta,17,43,39,51,63,56,Doctor,GENERALWITHCS
1482,Shreya Sharma,16,83,66,81,88,77,Doctor,MEDICAL
1483,Muskan Sinha,16,62,79,50,46,48,Engineering,GENERALWITHCS
1484,Divya Jain,16,93,78,61,64,71,Engineering,NONMEDICAL
1485,Priya Singh,17,57,41,71,69,62,Doctor,GENERAL
1486,Vivek Gupta,17,58,49,42,50,53,Commerce,GENERAL
1487,Tanya Kumar,16,92,91,61,73,70,Engineering,NONMEDICAL
1488,Ayush Kumar,16,68,56,85,60,67,Doctor,GENERAL
1489,Tanya Jain,16,84,88,83,76,73,Engineering,NONMEDICAL
1490,Lavanya Gupta,16,60,67,56,50,56,Programming,GENERALWITHCS
1491,Ritesh Kumar,17,75,93,89,100,85,Doctor,MEDICAL
1492,Pooja Mishra,17,77,77,82,72,69,Commerce,GENERAL
1493,Deepak Gupta,16,74,95,60,72,65,Engineering,GENERAL
1494,Sneha Kumar,16,53,61,55,72,53,Doctor,GENERAL
1495,Aditi Patel,16,75,43,64,45,43,Engineering,GENERAL
1496,Ritesh Singh,17,100,94,88,90,83,Programming,GENERALWITHCS
1497,Nitin Sinha,17,81,78,67,83,81,Programming,GENERALWITHCS
1498,Deepak Gupta,17,71,84,99,82,69,Doctor,GENERAL
1499,Simran Yadav,16,72,75,83,91,76,Doctor,MEDICAL
1500,Sachin Gupta,17,68,66,55,73,52,Engineering,GENERALWITHCS
1501,Manish Jain,17,69,63,72,52,52,Engineering,GENERAL
1502,Kajal Mishra,17,78,74,90,70,83,Commerce,GENERAL
1503,Vivek Yadav,17,67,62,82,72,62,Commerce,GENERAL
1504,Arjun Patel,17,100,94,96,87,95,Engineering,NONMEDICAL
1505,Kriti Mishra,16,69,57,64,92,56,Doctor,MEDICAL
1506,Komal Sharma,16,89,81,91,85,83,Programming,GENERALWITHCS
1507,Rahul Kumar,16,35,37,35,38,42,Commerce,GENERAL
1508,Aman Singh,16,55,57,52,44,67,Programming,GENERALWITHCS
1509,Yash Patel,17,60,80,53,59,63,Programming,GENERALWITHCS
1510,Priya Mishra,16,50,71,73,69,61,Commerce,GENERALWITHCS
1511,Sonia Jain,16,100,75,89,69,83,Engineering,GENERAL
1512,Aman Gupta,17,74,62,78,64,79,Programming,GENERALWITHCS
1513,Divya Gupta,16,85,73,64,60,73,Programming,GENERALWITHCS
1514,Divya Gupta,17,80,73,89,75,68,Doctor,GENERAL
1515,Nikhil Sinha,17,100,98,94,81,85,Engineering,NONMEDICAL
1516,Deepak Kumar,16,94,79,85,81,73,Engineering,NONMEDICAL
1517,Payal Verma,16,59,59,51,60,74,Programming,GENERALWITHCS
1518,Riya Gupta,17,63,90,66,72,71,Engineering,GENERAL
1519,Akash Sinha,17,68,38,55,48,56,Programming,GENERALWITHCS
1520,Deepak Sinha,16,90,82,83,100,76,Doctor,MEDICAL
1521,Sachin Mishra,16,66,92,88,67,68,Engineering,GENERAL
1522,Karan Singh,17,41,53,35,59,47,Commerce,GENERALWITHCS
1523,Payal Singh,16,58,66,64,49,42,Doctor,GENERAL
1524,Priya Yadav,16,100,81,73,75,86,Programming,GENERALWITHCS
1525,Muskan Yadav,17,70,74,48,47,58,Engineering,GENERAL
1526,Riya Mishra,17,84,61,78,80,69,Programming,GENERALWITHCS
1527,Neha Sinha,17,48,47,46,57,44,Programming,GENERALWITHCS
1528,Riya Yadav,16,59,35,60,40,56,Commerce,GENERALWITHCS
1529,Rahul Verma,16,66,77,60,76,67,Programming,GENERALWITHCS
1530,Tanya Mishra,17,51,78,61,66,66,Doctor,GENERAL
1531,Arjun Kumar,17,88,91,84,97,85,Engineering,NONMEDICAL
1532,Vivek Yadav,16,68,51,72,83,50,Doctor,GENERALWITHCS
1533,Megha Jain,17,71,53,54,50,52,Programming,GENERALWITHCS
1534,Sachin Sharma,16,61,48,49,57,40,Engineering,GENERALWITHCS
1535,Ishita Jain,17,98,98,95,98,85,Doctor,MEDICAL
1536,Abhishek Mishra,16,65,78,77,76,68,Commerce,GENERAL
1537,Nikhil Gupta,16,82,83,77,93,61,Doctor,MEDICAL
1538,Divya Mishra,17,64,50,43,54,52,Engineering,GENERAL
1539,Nikhil Mishra,16,73,77,77,79,64,Engineering,GENERAL
1540,Sachin Verma,17,56,58,70,75,46,Doctor,GENERALWITHCS
1541,Shreya Kumar,16,98,100,95,74,94,Engineering,NONMEDICAL
1542,Sneha Gupta,16,100,97,100,81,99,Programming,GENERALWITHCS
1543,Shreya Gupta,16,92,72,71,62,82,Engineering,GENERAL
1544,Aditi Gupta,17,94,78,72,94,75,Engineering,NONMEDICAL
1545,Kriti Sinha,17,62,66,46,69,52,Engineering,GENERALWITHCS
1546,Mohit Gupta,17,97,73,58,72,70,Programming,GENERALWITHCS
1547,Ankit Singh,17,75,87,65,76,74,Engineering,GENERAL
1548,Harsh Gupta,16,78,65,61,61,67,Programming,GENERALWITHCS
1549,Ankit Kumar,16,53,46,42,50,57,Commerce,GENERALWITHCS
1550,Komal Jain,17,82,66,75,78,87,Programming,GENERALWITHCS
1551,Arjun Gupta,16,84,56,74,71,70,Doctor,GENERAL
1552,Abhishek Patel,16,83,66,76,100,86,Doctor,MEDICAL
1553,Muskan Mishra,17,100,100,94,71,80,Engineering,NONMEDICAL
1554,Kajal Yadav,16,57,57,56,72,50,Doctor,GENERAL
1555,Aman Mishra,17,82,66,69,74,69,Programming,GENERALWITHCS
1556,Vivek Yadav,17,63,75,65,64,59,Engineering,GENERALWITHCS
1557,Priya Yadav,16,65,83,66,56,68,Engineering,GENERAL
1558,Simran Sharma,16,57,52,57,52,52,Engineering,GENERAL
1559,Pooja Patel,16,100,91,73,74,68,Engineering,NONMEDICAL
1560,Mohit Kumar,17,53,43,35,35,48,Engineering,GENERAL
1561,Divya Kumar,16,85,100,98,74,84,Engineering,NONMEDICAL
1562,Sachin Patel,17,66,51,65,66,54,Engineering,GENERAL
1563,Abhishek Sharma,17,100,74,100,100,95,Doctor,MEDICAL
1564,Ayush Jain,16,72,63,67,81,60,Commerce,GENERAL
1565,Sneha Sinha,16,86,79,99,100,79,Doctor,MEDICAL
1566,Tanya Patel,16,85,82,100,87,95,Commerce,GENERAL
1567,Lavanya Kumar,17,54,70,48,67,72,Programming,GENERALWITHCS
1568,Sachin Yadav,17,64,69,78,68,79,Programming,GENERALWITHCS
1569,Ankit Jain,16,66,59,64,44,58,Engineering,GENERAL
1570,Ankit Mishra,16,87,59,66,74,65,Engineering,GENERAL
1571,Ankit Jain,17,100,93,70,67,68,Engineering,NONMEDICAL
1572,Aditi Yadav,16,86,75,86,80,92,Programming,GENERALWITHCS
1573,Sachin Patel,17,59,58,36,57,52,Programming,GENERALWITHCS
1574,Vivek Kumar,17,81,61,62,80,75,Commerce,GENERAL
1575,Rohit Jain,17,70,72,63,63,41,Engineering,GENERALWITHCS
1576,Ankit Verma,17,79,98,72,88,84,Programming,GENERALWITHCS
1577,Sonia Verma,17,68,76,69,51,57,Engineering,GENERAL
1578,Arjun Mishra,17,61,46,51,53,55,Programming,GENERALWITHCS
1579,Ritesh Jain,17,61,74,68,69,75,Commerce,GENERAL
1580,Harsh Verma,16,54,47,59,75,47,Doctor,GENERALWITHCS
1581,Nitin Verma,17,91,89,71,66,76,Engineering,NONMEDICAL
1582,Manish Singh,16,78,58,68,76,70,Doctor,GENERAL
1583,Aman Yadav,16,62,68,65,81,64,Doctor,GENERAL
1584,Tanya Gupta,16,82,97,99,85,93,Doctor,GENERAL
1585,Shreya Singh,16,75,96,100,97,80,Doctor,MEDICAL
1586,Neha Gupta,16,64,78,67,85,80,Engineering,GENERAL
1587,Ritesh Yadav,16,55,76,68,49,50,Engineering,GENERALWITHCS
1588,Komal Sinha,17,66,76,54,56,78,Commerce,GENERALWITHCS
1589,Vikas Verma,16,72,100,81,90,90,Doctor,MEDICAL
1590,Arjun Yadav,17,81,80,63,60,74,Commerce,GENERAL
1591,Pooja Kumar,16,64,75,62,40,47,Engineering,GENERAL
1592,Shreya Jain,17,53,35,40,54,40,Doctor,GENERAL
1593,Abhishek Gupta,16,86,80,77,82,80,Programming,GENERALWITHCS
1594,Sneha Jain,16,100,73,74,70,89,Programming,GENERALWITHCS
1595,Megha Singh,17,81,66,59,73,76,Commerce,GENERAL
1596,Kriti Kumar,16,79,79,58,86,71,Doctor,MEDICAL
1597,Komal Sharma,17,100,89,97,91,77,Engineering,NONMEDICAL
1598,Rohit Yadav,16,96,99,87,80,87,Engineering,NONMEDICAL
1599,Muskan Verma,17,65,89,66,80,76,Engineering,GENERAL
1600,Ritesh Singh,17,65,59,72,72,68,Programming,GENERALWITHCS
1601,Kajal Patel,17,52,42,52,41,48,Engineering,GENERALWITHCS
1602,Sonia Jain,17,100,93,90,97,91,Engineering,NONMEDICAL
1603,Komal Jain,16,80,78,81,81,65,Engineering,GENERAL
1604,Rohit Singh,16,55,52,63,75,61,Programming,GENERALWITHCS
1605,Tanya Patel,17,85,74,58,62,65,Engineering,GENERAL
1606,Kriti Kumar,17,62,49,39,58,49,Commerce,GENERAL
1607,Pooja Sharma,17,81,71,76,78,71,Engineering,GENERAL
1608,Gaurav Sinha,16,58,66,59,60,59,Doctor,GENERALWITHCS
1609,Sonia Kumar,16,91,77,77,100,86,Doctor,MEDICAL
1610,Ayush Yadav,17,90,79,79,71,76,Engineering,NONMEDICAL
1611,Deepak Jain,17,66,57,70,54,57,Commerce,GENERALWITHCS
1612,Tanya Singh,17,69,50,68,56,68,Commerce,GENERALWITHCS
1613,Tanya Sharma,17,62,64,59,80,75,Doctor,GENERAL
1614,Megha Yadav,17,68,49,52,47,54,Engineering,GENERAL
1615,Megha Patel,17,59,52,59,44,49,Engineering,GENERAL
1616,Kriti Yadav,16,58,46,39,37,51,Programming,GENERALWITHCS
1617,Vikas Verma,17,76,68,83,94,78,Doctor,MEDICAL
1618,Tanya Singh,17,74,92,100,87,84,Doctor,MEDICAL
1619,Yash Singh,16,52,60,63,69,68,Commerce,GENERALWITHCS
1620,Vikas Sharma,17,70,84,92,82,80,Doctor,GENERAL
1621,Ishita Patel,17,58,62,56,51,69,Engineering,GENERALWITHCS
1622,Komal Gupta,17,88,80,88,72,76,Commerce,GENERAL
1623,Akash Jain,17,60,45,47,40,65,Programming,GENERALWITHCS
1624,Mohit Jain,17,50,69,60,59,55,Engineering,GENERALWITHCS
1625,Simran Sharma,16,53,58,35,48,53,Engineering,GENERALWITHCS
1626,Abhishek Sinha,17,52,56,56,55,52,Programming,GENERALWITHCS
1627,Vivek Gupta,16,87,62,71,71,78,Programming,GENERALWITHCS
1628,Ankit Mishra,17,83,70,73,63,69,Programming,GENERALWITHCS
1629,Vikas Yadav,16,60,65,63,76,64,Doctor,GENERALWITHCS
1630,Kajal Verma,16,94,85,100,100,91,Engineering,NONMEDICAL
1631,Manish Gupta,17,74,88,90,88,84,Commerce,GENERAL
1632,Vivek Kumar,16,79,82,99,94,95,Commerce,GENERAL
1633,Karan Mishra,16,59,67,67,54,70,Commerce,GENERAL
1634,Karan Verma,17,59,61,77,77,65,Doctor,GENERALWITHCS
1635,Gaurav Kumar,17,70,91,69,94,73,Doctor,MEDICAL
1636,Komal Sinha,16,44,67,60,64,55,Engineering,GENERAL
1637,Ayush Singh,17,47,51,72,78,56,Doctor,GENERAL
1638,Megha Yadav,16,58,54,35,35,48,Programming,GENERALWITHCS
1639,Aditi Verma,16,81,83,66,75,70,Programming,GENERALWITHCS
1640,Yash Gupta,17,100,100,91,91,81,Engineering,NONMEDICAL
1641,Divya Patel,17,59,52,67,74,68,Programming,GENERALWITHCS
1642,Ishita Patel,16,70,83,68,54,62,Engineering,GENERALWITHCS
1643,Aman Mishra,17,51,55,68,79,57,Doctor,GENERALWITHCS
1644,Riya Jain,16,67,65,49,53,69,Programming,GENERALWITHCS
1645,Aditi Yadav,16,72,72,83,74,69,Doctor,GENERAL
1646,Ishita Verma,16,86,88,96,72,78,Commerce,GENERAL
1647,Yash Singh,17,90,78,79,87,83,Programming,GENERALWITHCS
1648,Neha Kumar,17,60,55,59,66,57,Engineering,GENERAL
1649,Neha Kumar,16,96,79,81,87,88,Engineering,NONMEDICAL
1650,Aman Gupta,17,98,89,88,84,82,Engineering,NONMEDICAL
1651,Mohit Gupta,16,56,68,78,55,78,Commerce,GENERAL
1652,Ishita Kumar,17,37,62,54,63,42,Commerce,GENERAL
1653,Kriti Gupta,16,52,62,40,43,40,Engineering,GENERAL
1654,Tanya Gupta,17,83,56,47,54,52,Engineering,GENERAL
1655,Nikhil Gupta,17,75,83,83,71,71,Engineering,GENERAL
1656,Ritesh Singh,17,91,83,93,91,87,Commerce,GENERAL
1657,Aditi Kumar,17,73,77,57,73,73,Programming,GENERALWITHCS
1658,Kriti Sinha,16,90,96,66,53,58,Engineering,NONMEDICAL
1659,Nitin Kumar,16,65,47,56,71,63,Doctor,GENERALWITHCS
1660,Rahul Verma,16,66,69,60,70,57,Doctor,GENERAL
1661,Yash Sharma,17,86,89,73,85,71,Doctor,GENERAL
1662,Ishita Sharma,17,81,89,85,92,87,Commerce,GENERAL
1663,Vikas Singh,17,70,61,77,100,70,Doctor,MEDICAL
1664,Sachin Jain,17,73,91,78,100,71,Doctor,MEDICAL
1665,Deepak Gupta,16,77,80,82,98,90,Doctor,MEDICAL
1666,Pooja Verma,16,59,44,35,50,50,Engineering,GENERALWITHCS
1667,Priya Singh,16,84,88,67,100,79,Doctor,MEDICAL
1668,Akash Singh,16,82,90,64,88,69,Engineering,NONMEDICAL
1669,Mohit Sinha,16,75,78,74,63,71,Engineering,GENERAL
1670,Neha Sinha,17,60,36,42,63,40,Doctor,GENERALWITHCS
1671,Nitin Verma,16,40,45,49,41,45,Commerce,GENERALWITHCS
1672,Sonia Singh,16,83,68,72,64,84,Programming,GENERALWITHCS
1673,Sonia Verma,17,85,84,78,81,80,Doctor,GENERAL
1674,Muskan Jain,17,100,75,73,86,100,Programming,GENERALWITHCS
1675,Shreya Sharma,16,88,97,83,97,99,Engineering,NONMEDICAL
1676,Divya Kumar,16,41,51,65,74,57,Doctor,GENERAL
1677,Harsh Patel,17,53,63,64,59,67,Commerce,GENERALWITHCS
1678,Kajal Mishra,17,54,72,56,85,63,Doctor,GENERAL
1679,Ankit Gupta,16,67,52,69,66,54,Commerce,GENERALWITHCS
1680,Akash Yadav,17,68,58,62,46,51,Commerce,GENERAL
1681,Pooja Mishra,16,52,40,48,69,58,Doctor,GENERALWITHCS
1682,Ishita Singh,17,65,55,37,42,49,Engineering,GENERALWITHCS
1683,Rahul Singh,16,45,63,52,76,63,Doctor,GENERAL
1684,Ayush Verma,16,75,54,81,79,68,Programming,GENERALWITHCS
1685,Komal Jain,16,77,56,53,47,58,Programming,GENERALWITHCS
1686,Harsh Singh,17,67,51,60,63,57,Commerce,GENERAL
1687,Sonia Yadav,16,77,84,75,76,71,Engineering,GENERAL
1688,Aditi Patel,17,83,77,74,100,67,Doctor,MEDICAL
1689,Vikas Gupta,16,70,76,53,49,58,Engineering,GENERAL
1690,Riya Sharma,16,48,35,39,76,54,Doctor,GENERALWITHCS
1691,Nikhil Kumar,16,55,54,65,60,63,Commerce,GENERALWITHCS
1692,Sneha Sinha,16,93,81,77,83,83,Doctor,GENERAL
1693,Neha Sharma,17,93,76,91,72,75,Programming,GENERALWITHCS
1694,Sachin Sharma,17,75,86,58,71,78,Commerce,GENERAL
1695,Payal Patel,16,76,58,73,94,73,Doctor,MEDICAL
1696,Vikas Mishra,17,58,68,77,62,80,Programming,GENERALWITHCS
1697,Rahul Jain,16,71,62,71,96,83,Doctor,MEDICAL
1698,Megha Verma,16,88,95,94,84,76,Programming,GENERALWITHCS
1699,Shreya Mishra,16,69,80,88,77,66,Commerce,GENERAL
1700,Yash Sharma,16,75,98,100,99,79,Doctor,MEDICAL
1701,Deepak Gupta,17,100,91,94,99,98,Programming,GENERALWITHCS
1702,Neha Gupta,17,84,65,65,89,73,Doctor,MEDICAL
1703,Tanya Sharma,17,72,36,38,59,48,Programming,GENERALWITHCS
1704,Shreya Singh,17,51,43,72,56,61,Doctor,GENERALWITHCS
1705,Sonia Kumar,17,50,65,67,41,53,Programming,GENERALWITHCS
1706,Sneha Verma,16,71,55,61,57,59,Programming,GENERALWITHCS
1707,Sachin Patel,16,92,74,91,74,93,Programming,GENERALWITHCS
1708,Karan Mishra,17,74,67,45,66,61,Programming,GENERALWITHCS
1709,Ishita Sharma,17,77,72,79,72,70,Doctor,GENERAL
1710,Neha Singh,17,46,47,52,79,46,Doctor,GENERAL
1711,Karan Gupta,17,76,70,59,56,73,Commerce,GENERALWITHCS
1712,Harsh Gupta,17,76,70,81,86,68,Commerce,GENERAL
1713,Manish Singh,17,71,51,61,76,63,Doctor,GENERAL
1714,Akash Verma,17,65,38,49,37,58,Commerce,GENERALWITHCS
1715,Muskan Verma,17,50,65,58,60,61,Engineering,GENERALWITHCS
1716,Harsh Sharma,17,68,71,54,68,81,Programming,GENERALWITHCS
1717,Pooja Verma,17,58,62,84,79,62,Doctor,GENERAL
1718,Lavanya Mishra,16,71,71,73,46,64,Engineering,GENERALWITHCS
1719,Tanya Gupta,17,77,82,65,81,73,Programming,GENERALWITHCS
1720,Nikhil Verma,17,86,85,81,74,72,Engineering,NONMEDICAL
1721,Tanya Patel,16,76,67,67,72,68,Engineering,GENERAL
1722,Abhishek Mishra,17,75,65,63,61,67,Commerce,GENERALWITHCS
1723,Megha Verma,17,84,75,68,92,84,Doctor,MEDICAL
1724,Sneha Kumar,16,63,41,51,65,49,Doctor,GENERAL
1725,Rohit Singh,16,76,86,78,100,95,Commerce,GENERAL
1726,Ishita Yadav,16,76,75,57,53,56,Engineering,GENERALWITHCS
1727,Rohit Patel,17,52,49,66,64,54,Doctor,GENERAL
1728,Mohit Patel,16,80,74,70,60,78,Engineering,GENERAL
1729,Megha Patel,16,50,50,64,72,68,Commerce,GENERALWITHCS
1730,Ishita Jain,16,53,50,67,64,60,Commerce,GENERALWITHCS
1731,Gaurav Yadav,17,61,69,54,35,53,Engineering,GENERALWITHCS
1732,Nitin Gupta,17,95,89,71,80,79,Programming,GENERALWITHCS
1733,Simran Yadav,17,93,83,95,96,91,Programming,GENERALWITHCS
1734,Lavanya Gupta,17,73,91,100,88,82,Doctor,MEDICAL
1735,Aman Singh,17,60,46,55,64,56,Doctor,GENERAL
1736,Neha Verma,17,76,76,84,70,74,Programming,GENERALWITHCS
1737,Deepak Sharma,16,74,56,78,76,63,Doctor,GENERAL
1738,Ishita Verma,16,51,53,66,63,72,Doctor,GENERAL
1739,Sonia Kumar,17,100,94,82,76,83,Engineering,NONMEDICAL
1740,Rohit Yadav,17,69,51,61,61,64,Programming,GENERALWITHCS
1741,Deepak Mishra,16,81,59,46,51,66,Engineering,GENERALWITHCS
1742,Abhishek Jain,17,63,62,49,55,63,Commerce,GENERALWITHCS
1743,Harsh Sharma,17,71,57,62,51,68,Engineering,GENERAL
1744,Payal Mishra,16,58,44,56,62,55,Programming,GENERALWITHCS
1745,Akash Yadav,17,60,90,67,80,72,Engineering,GENERAL
1746,Vivek Sinha,16,83,89,82,66,83,Commerce,GENERAL
1747,Neha Yadav,16,99,91,75,76,72,Engineering,NONMEDICAL
1748,Vivek Sharma,17,88,79,68,69,71,Programming,GENERALWITHCS
1749,Vivek Sharma,16,41,62,52,70,58,Doctor,GENERAL
1750,Ankit Sinha,16,47,60,46,45,55,Commerce,GENERALWITHCS
1751,Aditi Sharma,17,70,48,55,51,73,Programming,GENERALWITHCS
1752,Simran Gupta,16,100,100,88,78,79,Engineering,NONMEDICAL
1753,Tanya Sharma,17,49,36,57,71,56,Doctor,GENERAL
1754,Nitin Jain,16,85,96,90,66,83,Engineering,NONMEDICAL
1755,Aditi Singh,16,95,100,74,99,92,Engineering,NONMEDICAL
1756,Riya Sinha,16,50,53,45,42,43,Engineering,GENERAL
1757,Rohit Singh,17,94,100,100,90,90,Doctor,MEDICAL
1758,Pooja Sinha,17,50,51,57,66,53,Programming,GENERALWITHCS
1759,Simran Jain,16,85,80,75,81,72,Engineering,NONMEDICAL
1760,Pooja Sharma,17,79,85,74,79,67,Commerce,GENERAL
1761,Karan Yadav,17,47,41,51,50,50,Commerce,GENERALWITHCS
1762,Pooja Patel,17,70,82,78,92,76,Doctor,MEDICAL
1763,Ayush Kumar,16,63,45,59,84,51,Doctor,GENERALWITHCS
1764,Sneha Gupta,16,100,99,100,100,93,Doctor,MEDICAL
1765,Nikhil Kumar,17,100,94,89,92,86,Engineering,NONMEDICAL
1766,Muskan Gupta,16,79,76,73,83,82,Commerce,GENERAL
1767,Karan Singh,16,61,74,73,85,53,Doctor,GENERAL
1768,Ayush Yadav,16,52,64,69,76,60,Commerce,GENERALWITHCS
1769,Priya Yadav,16,95,80,61,76,77,Engineering,NONMEDICAL
1770,Ayush Singh,17,67,49,57,59,49,Commerce,GENERALWITHCS
1771,Deepak Mishra,17,48,47,66,70,50,Doctor,GENERAL
1772,Ayush Kumar,16,53,67,65,50,58,Commerce,GENERALWITHCS
1773,Kajal Kumar,17,95,86,77,65,71,Programming,GENERALWITHCS
1774,Simran Patel,17,78,67,49,60,63,Programming,GENERALWITHCS
1775,Mohit Gupta,16,87,86,68,59,56,Engineering,NONMEDICAL
1776,Riya Singh,17,76,53,53,51,51,Engineering,GENERALWITHCS
1777,Aditi Yadav,16,86,87,69,84,72,Commerce,GENERAL
1778,Aman Kumar,17,68,55,53,62,56,Programming,GENERALWITHCS
1779,Nitin Sinha,17,57,76,81,70,66,Doctor,GENERAL
1780,Shreya Verma,16,88,90,89,78,82,Commerce,GENERAL
1781,Aditi Verma,16,42,66,44,43,55,Engineering,GENERALWITHCS
1782,Megha Verma,16,100,91,86,86,84,Commerce,GENERAL
1783,Riya Mishra,16,38,42,47,47,51,Commerce,GENERAL
1784,Shreya Patel,17,86,60,53,73,68,Engineering,GENERAL
1785,Riya Kumar,17,100,92,90,95,84,Engineering,NONMEDICAL
1786,Pooja Sinha,17,52,43,59,60,48,Doctor,GENERALWITHCS
1787,Karan Sinha,17,66,80,80,57,76,Commerce,GENERAL
1788,Megha Mishra,17,65,60,53,53,67,Programming,GENERALWITHCS
1789,Deepak Mishra,16,67,84,64,51,73,Engineering,GENERAL
1790,Ritesh Verma,17,84,57,58,58,62,Engineering,GENERALWITHCS
1791,Divya Sharma,17,91,78,100,98,81,Doctor,MEDICAL
1792,Abhishek Sinha,17,66,40,67,83,52,Doctor,GENERAL
1793,Muskan Sharma,16,82,80,92,80,79,Programming,GENERALWITHCS
1794,Vivek Singh,16,61,40,66,57,58,Programming,GENERALWITHCS
1795,Sneha Gupta,16,51,56,67,63,48,Commerce,GENERAL
1796,Payal Mishra,17,56,77,73,72,63,Programming,GENERALWITHCS
1797,Shreya Jain,16,59,57,60,59,61,Doctor,GENERAL
1798,Nitin Sinha,16,96,91,86,72,76,Engineering,NONMEDICAL
1799,Nitin Sharma,16,53,47,55,60,48,Doctor,GENERAL
1800,Ayush Sinha,17,82,80,74,78,74,Commerce,GENERAL
1801,Muskan Singh,17,82,64,69,65,63,Engineering,GENERAL
1802,Kriti Gupta,17,65,63,47,63,65,Engineering,GENERALWITHCS
1803,Mohit Verma,16,86,68,79,75,67,Doctor,GENERAL
1804,Riya Sinha,16,93,66,68,69,81,Programming,GENERALWITHCS
1805,Rahul Mishra,17,82,78,57,84,76,Programming,GENERALWITHCS
1806,Megha Verma,16,61,71,57,58,40,Engineering,GENERALWITHCS
1807,Nikhil Sinha,16,65,73,51,73,58,Engineering,GENERAL
1808,Priya Sinha,17,82,73,89,88,88,Commerce,GENERAL
1809,Gaurav Verma,16,61,40,42,43,47,Doctor,GENERAL
1810,Shreya Sinha,17,59,75,73,59,67,Engineering,GENERAL
1811,Divya Jain,16,100,100,83,100,100,Programming,GENERALWITHCS
1812,Akash Verma,17,93,92,72,68,71,Commerce,GENERAL
1813,Vivek Sinha,16,77,74,71,71,81,Engineering,GENERAL
1814,Harsh Sharma,16,74,68,72,78,94,Programming,GENERALWITHCS
1815,Rahul Sharma,17,46,41,50,49,56,Doctor,GENERAL
1816,Priya Gupta,16,60,66,39,46,54,Engineering,GENERAL
1817,Kajal Jain,16,63,75,71,88,83,Doctor,MEDICAL
1818,Shreya Jain,16,72,84,56,72,54,Engineering,GENERALWITHCS
1819,Akash Jain,17,96,82,84,74,88,Commerce,GENERAL
1820,Yash Sinha,16,77,75,76,72,92,Programming,GENERALWITHCS
1821,Ayush Patel,17,96,98,83,90,83,Doctor,MEDICAL
1822,Priya Singh,17,69,66,61,71,60,Engineering,GENERAL
1823,Komal Sharma,17,100,93,67,69,79,Engineering,NONMEDICAL
1824,Simran Yadav,16,52,70,77,59,58,Doctor,GENERAL
1825,Ishita Sharma,16,80,85,67,77,73,Engineering,GENERAL
1826,Lavanya Jain,16,66,66,61,62,65,Commerce,GENERALWITHCS
1827,Sachin Mishra,17,82,64,73,74,82,Programming,GENERALWITHCS
1828,Priya Jain,16,62,60,59,71,44,Doctor,GENERAL
1829,Manish Singh,16,47,65,63,79,49,Doctor,GENERAL
1830,Payal Sharma,16,56,59,54,54,61,Engineering,GENERALWITHCS
1831,Karan Sinha,17,76,57,73,55,64,Engineering,GENERALWITHCS
1832,Nikhil Verma,16,82,61,67,83,79,Programming,GENERALWITHCS
1833,Ankit Singh,16,52,38,67,76,44,Doctor,GENERAL
1834,Rohit Kumar,16,68,63,64,67,65,Commerce,GENERALWITHCS
1835,Divya Kumar,17,89,71,89,71,73,Engineering,GENERAL
1836,Akash Verma,17,89,87,68,66,72,Commerce,GENERAL
1837,Nikhil Kumar,16,48,69,48,51,57,Engineering,GENERAL
1838,Deepak Gupta,17,70,65,56,50,51,Engineering,GENERALWITHCS
1839,Rahul Gupta,16,86,65,85,85,81,Programming,GENERALWITHCS
1840,Sonia Jain,16,74,72,62,47,66,Engineering,GENERALWITHCS
1841,Payal Singh,16,99,100,94,75,73,Engineering,NONMEDICAL
1842,Ayush Yadav,16,76,89,60,62,71,Engineering,GENERAL
1843,Ritesh Gupta,17,49,61,59,51,46,Doctor,GENERAL
1844,Pooja Sinha,16,46,47,55,53,57,Doctor,GENERALWITHCS
1845,Sachin Singh,16,77,77,84,66,86,Engineering,GENERAL
1846,Ankit Singh,17,91,97,97,77,83,Engineering,NONMEDICAL
1847,Muskan Sinha,16,100,86,89,84,78,Programming,GENERALWITHCS
1848,Simran Gupta,16,87,65,71,83,78,Commerce,GENERAL
1849,Nikhil Singh,17,86,64,79,65,81,Programming,GENERALWITHCS
1850,Nitin Sharma,17,62,82,84,79,84,Doctor,GENERAL
1851,Neha Jain,17,63,67,51,55,61,Engineering,GENERALWITHCS
1852,Manish Mishra,16,87,72,89,92,79,Doctor,MEDICAL
1853,Sachin Patel,17,35,35,60,36,46,Commerce,GENERAL
1854,Kajal Yadav,17,95,98,84,82,72,Engineering,NONMEDICAL
1855,Mohit Gupta,17,56,57,57,41,53,Commerce,GENERALWITHCS
1856,Ritesh Jain,17,73,68,80,89,74,Doctor,MEDICAL
1857,Aditi Kumar,17,68,95,71,80,72,Commerce,GENERAL
1858,Ritesh Sinha,17,68,65,40,48,62,Programming,GENERALWITHCS
1859,Ankit Jain,17,76,68,43,40,49,Engineering,GENERALWITHCS
1860,Mohit Kumar,16,59,62,78,83,71,Doctor,GENERAL
1861,Neha Verma,16,89,100,77,90,79,Engineering,NONMEDICAL
1862,Komal Jain,16,45,61,71,68,55,Doctor,GENERAL
1863,Sachin Jain,16,67,58,54,70,54,Engineering,GENERAL
1864,Ayush Kumar,16,66,62,82,65,60,Doctor,GENERALWITHCS
1865,Rahul Mishra,17,56,72,40,42,43,Engineering,GENERAL
1866,Sachin Singh,16,86,66,85,85,72,Programming,GENERALWITHCS
1867,Vivek Sinha,16,84,68,64,93,73,Doctor,MEDICAL
1868,Kajal Singh,17,75,76,63,76,52,Engineering,GENERAL
1869,Vikas Jain,16,43,43,59,41,42,Commerce,GENERAL
1870,Lavanya Sharma,16,55,69,49,47,49,Engineering,GENERAL
1871,Shreya Mishra,16,66,61,66,58,63,Engineering,GENERAL
1872,Nikhil Kumar,16,58,55,59,61,53,Engineering,GENERALWITHCS
1873,Akash Sharma,16,97,73,69,79,76,Engineering,GENERAL
1874,Manish Mishra,17,100,82,85,82,72,Engineering,NONMEDICAL
1875,Sonia Verma,17,87,88,82,99,86,Doctor,MEDICAL
1876,Vikas Verma,16,91,71,84,99,84,Doctor,MEDICAL
1877,Megha Verma,16,100,84,80,82,82,Programming,GENERALWITHCS
1878,Ishita Yadav,17,69,73,60,56,56,Engineering,GENERAL
1879,Vikas Gupta,17,81,69,67,64,76,Programming,GENERALWITHCS
1880,Ritesh Jain,16,49,62,52,91,68,Doctor,MEDICAL
1881,Sachin Yadav,16,54,54,46,42,43,Engineering,GENERALWITHCS
1882,Aman Yadav,17,90,87,72,72,88,Commerce,GENERAL
1883,Ayush Sinha,16,43,35,53,60,40,Commerce,GENERAL
1884,Harsh Singh,17,66,77,63,74,79,Doctor,GENERAL
1885,Vikas Singh,17,61,54,46,41,56,Programming,GENERALWITHCS
1886,Rohit Gupta,16,68,61,52,51,56,Programming,GENERALWITHCS
1887,Ankit Yadav,16,96,92,68,79,90,Programming,GENERALWITHCS
1888,Ishita Gupta,17,65,78,73,63,66,Commerce,GENERAL
1889,Arjun Verma,17,56,78,69,81,60,Doctor,GENERAL
1890,Neha Singh,16,51,72,86,84,68,Doctor,GENERAL
1891,Payal Mishra,16,78,94,69,69,68,Engineering,GENERAL
1892,Divya Jain,16,85,65,93,84,82,Doctor,GENERAL
1893,Sonia Singh,17,61,73,70,48,70,Engineering,GENERALWITHCS
1894,Yash Sinha,16,82,76,73,58,79,Engineering,NONMEDICAL
1895,Nitin Patel,17,66,88,56,69,58,Engineering,GENERALWITHCS
1896,Nikhil Sharma,17,100,99,79,77,93,Engineering,NONMEDICAL
1897,Neha Singh,17,90,76,94,78,76,Engineering,NONMEDICAL
1898,Sneha Mishra,16,100,90,86,87,88,Engineering,NONMEDICAL
1899,Payal Yadav,17,97,94,85,83,72,Engineering,NONMEDICAL
1900,Harsh Yadav,17,45,48,50,36,46,Programming,GENERALWITHCS
1901,Sonia Sinha,16,87,95,78,57,69,Engineering,NONMEDICAL
1902,Divya Sinha,16,52,49,61,57,50,Programming,GENERALWITHCS
1903,Vivek Sharma,16,83,63,68,80,60,Engineering,GENERAL
1904,Tanya Singh,16,75,72,84,88,80,Commerce,GENERAL
1905,Aditi Sinha,17,57,59,59,45,62,Programming,GENERALWITHCS
1906,Sneha Patel,16,88,95,92,79,93,Programming,GENERALWITHCS
1907,Neha Jain,17,62,75,66,77,63,Commerce,GENERAL
1908,Sneha Sinha,16,94,76,71,88,81,Commerce,GENERAL
1909,Rohit Yadav,17,91,68,55,59,71,Engineering,GENERAL
1910,Aditi Jain,17,60,58,65,69,73,Commerce,GENERALWITHCS
1911,Lavanya Patel,17,59,56,48,42,61,Engineering,GENERALWITHCS
1912,Nikhil Gupta,16,71,81,80,82,84,Programming,GENERALWITHCS
1913,Priya Jain,17,100,86,95,74,92,Programming,GENERALWITHCS
1914,Vikas Singh,16,61,62,52,59,50,Doctor,GENERAL
1915,Simran Kumar,16,69,92,73,92,81,Commerce,GENERAL
1916,Arjun Patel,16,62,69,51,61,60,Programming,GENERALWITHCS
1917,Karan Patel,16,69,67,64,69,79,Commerce,GENERAL
1918,Gaurav Mishra,17,85,72,97,73,88,Programming,GENERALWITHCS
1919,Sachin Sharma,16,94,100,83,69,80,Engineering,NONMEDICAL
1920,Ishita Gupta,16,86,81,86,72,92,Engineering,NONMEDICAL
1921,Vikas Sinha,17,77,72,59,84,76,Doctor,GENERAL
1922,Manish Mishra,17,79,75,62,67,58,Engineering,GENERAL
1923,Shreya Gupta,16,65,64,40,52,45,Engineering,GENERAL
1924,Shreya Patel,16,94,96,62,67,81,Engineering,NONMEDICAL
1925,Vikas Patel,16,66,60,81,73,69,Commerce,GENERAL
1926,Manish Jain,16,75,80,87,67,83,Commerce,GENERAL
1927,Tanya Sinha,16,41,78,37,43,54,Engineering,GENERALWITHCS
1928,Lavanya Mishra,17,80,61,68,74,72,Programming,GENERALWITHCS
1929,Rahul Gupta,17,89,67,65,64,86,Commerce,GENERAL
1930,Nikhil Singh,16,100,86,100,100,78,Doctor,MEDICAL
1931,Sonia Singh,17,61,78,82,77,75,Doctor,GENERAL
1932,Vivek Jain,17,71,85,94,100,93,Doctor,MEDICAL
1933,Divya Gupta,17,73,78,70,79,81,Engineering,GENERAL
1934,Ritesh Verma,17,68,63,92,86,74,Doctor,MEDICAL
1935,Nitin Sharma,16,80,65,57,78,60,Programming,GENERALWITHCS
1936,Ankit Gupta,17,64,49,36,56,48,Engineering,GENERAL
1937,Ishita Gupta,17,71,71,89,84,73,Commerce,GENERAL
1938,Mohit Singh,17,74,98,100,98,90,Doctor,MEDICAL
1939,Riya Singh,16,70,70,70,80,77,Engineering,GENERAL
1940,Payal Verma,16,62,69,56,70,63,Commerce,GENERAL
1941,Akash Kumar,16,81,99,100,97,76,Doctor,MEDICAL
1942,Priya Sharma,16,56,74,49,52,62,Engineering,GENERALWITHCS
1943,Karan Yadav,17,85,91,77,87,68,Commerce,GENERAL
1944,Arjun Jain,16,96,82,71,71,79,Programming,GENERALWITHCS
1945,Nikhil Gupta,17,52,74,61,68,66,Commerce,GENERAL
1946,Tanya Verma,17,74,67,75,57,68,Commerce,GENERAL
1947,Komal Verma,16,41,61,57,48,44,Engineering,GENERAL
1948,Akash Sinha,17,50,38,42,63,57,Commerce,GENERALWITHCS
1949,Nitin Gupta,16,89,100,97,69,82,Engineering,NONMEDICAL
1950,Rahul Singh,17,64,77,70,76,67,Doctor,GENERAL
1951,Nitin Kumar,17,73,57,65,37,44,Engineering,GENERAL
1952,Vivek Gupta,17,68,55,83,83,67,Doctor,GENERAL
1953,Payal Sinha,16,93,66,88,71,80,Programming,GENERALWITHCS
1954,Gaurav Kumar,16,66,54,59,62,58,Programming,GENERALWITHCS
1955,Deepak Jain,16,100,92,95,72,81,Engineering,NONMEDICAL
1956,Tanya Sinha,17,75,85,64,67,71,Commerce,GENERAL
1957,Rahul Verma,17,72,88,65,66,56,Engineering,GENERAL
1958,Priya Sharma,16,100,84,81,78,89,Commerce,GENERAL
1959,Ayush Mishra,16,79,66,47,45,67,Engineering,GENERALWITHCS
1960,Karan Verma,16,74,67,77,67,74,Doctor,GENERAL
1961,Sonia Mishra,17,76,69,76,59,74,Engineering,GENERAL
1962,Komal Sinha,16,84,88,77,64,60,Engineering,NONMEDICAL
1963,Aditi Mishra,17,55,63,63,71,57,Doctor,GENERALWITHCS
1964,Riya Singh,16,69,49,38,66,64,Programming,GENERALWITHCS
1965,Ishita Jain,16,65,43,62,51,71,Programming,GENERALWITHCS
1966,Vikas Sinha,17,45,60,41,65,68,Programming,GENERALWITHCS
1967,Nitin Gupta,17,65,77,56,58,71,Engineering,GENERAL
1968,Komal Singh,17,63,60,48,60,59,Commerce,GENERAL
1969,Kajal Jain,16,90,92,100,97,80,Doctor,MEDICAL
1970,Lavanya Sinha,16,84,85,78,78,74,Commerce,GENERAL
1971,Aditi Gupta,16,71,76,85,92,64,Doctor,MEDICAL
1972,Divya Sinha,17,68,88,64,84,88,Programming,GENERALWITHCS
1973,Deepak Patel,17,67,83,52,57,55,Engineering,GENERALWITHCS
1974,Arjun Verma,17,62,64,56,74,46,Doctor,GENERALWITHCS
1975,Abhishek Yadav,17,90,68,85,72,76,Programming,GENERALWITHCS
1976,Karan Sharma,16,87,71,72,66,71,Engineering,GENERAL
1977,Ritesh Gupta,16,40,38,42,68,41,Doctor,GENERAL
1978,Kajal Kumar,16,79,88,78,72,86,Programming,GENERALWITHCS
1979,Muskan Kumar,16,73,69,69,67,57,Programming,GENERALWITHCS
1980,Kriti Singh,16,46,41,62,40,45,Programming,GENERALWITHCS
1981,Pooja Singh,16,47,54,60,44,43,Commerce,GENERAL
1982,Vivek Verma,17,35,49,55,36,53,Commerce,GENERAL
1983,Manish Verma,16,100,77,78,78,87,Programming,GENERALWITHCS
1984,Deepak Kumar,16,52,59,43,54,51,Engineering,GENERALWITHCS
1985,Payal Kumar,17,98,87,85,95,94,Programming,GENERALWITHCS
1986,Shreya Jain,17,70,74,82,64,66,Engineering,GENERAL
1987,Nikhil Sinha,16,78,53,67,71,60,Engineering,GENERALWITHCS
1988,Ankit Yadav,16,66,82,69,50,50,Engineering,GENERAL
1989,Pooja Mishra,16,52,69,59,58,59,Engineering,GENERALWITHCS
1990,Kajal Singh,17,68,50,40,47,45,Programming,GENERALWITHCS
1991,Ankit Singh,16,74,80,70,89,73,Commerce,GENERAL
1992,Riya Gupta,17,92,84,57,82,69,Engineering,NONMEDICAL
1993,Rahul Singh,17,50,80,62,42,45,Engineering,GENERALWITHCS
1994,Payal Gupta,16,63,48,64,60,49,Doctor,GENERALWITHCS
1995,Sneha Mishra,16,90,92,97,67,84,Engineering,NONMEDICAL
1996,Vivek Sinha,17,78,46,65,60,63,Programming,GENERALWITHCS
1997,Payal Sinha,17,68,94,68,59,63,Engineering,GENERAL
1998,Gaurav Verma,17,55,76,77,60,66,Commerce,GENERAL
1999,Aman Mishra,16,65,78,72,52,56,Programming,GENERALWITHCS
2000,Abhishek Mishra,16,93,85,58,59,77,Programming,GENERALWITHCS
